gizNumb,username,email,institution,attending,field6,id,checked,field9
238,Takoua hosni,takwahosnitkd@gmail.com,Isi ariana,Both,,a73c84e3-0966-43f8-a161-b4b811ae82ff,false,undefined
246,khaled ben ahmed,khaled.benahmed.official@gmail.com,esprit,Both,,67dc8e53-c925-4d96-8356-a052832df72a,false,undefined
247,Hamdi Barkous,hamdibarkous10@gmail.com,Ecole Polytechnique de Tunisie,The hackathon only,,d51ec4a0-f954-4e0b-8757-f3f81ab05028,false,undefined
253,Iheb zrelli,Ihebzr1@gmail.com,ESSAI,Both,,0cefc5ad-b203-437a-bad1-915e1c77ce09,false,undefined
254,Youssef GHAOUI,youssefghaoui.pro@gmail.com,ENSI,The hackathon only,,4854de03-a15f-4409-9652-3c12f7008603,false,undefined
257,Sanaa nidhal,mohamednidhal.sanaa@supcom.tn,Sup'com,Both,,f9725e0b-96f7-412f-b210-63c943220191,false,undefined
260,Youssef Makhlouf,youssef.makhlouf@supcom.tn,Supcom,Both,,05eaa639-6ac4-4639-8c96-fa33efed1c82,false,undefined
263,Malek Zorgati,malek.zorgati.ia@gmail.com,Company,Both,,805017ba-3117-41e7-bc2f-4252dd595f27,false,undefined
275,Mohamed Omar Sahnoon,mohamedomarsohnoon@gmail.com,ESSAIT,Both,,97e56495-a723-4c8c-8e6d-bdc240c4a34b,false,undefined
278,Mohamed Fawzi Stambouli,mohamedfawzi.stambouli@supcom.tn,SUPCOM,The hackathon only,,25cd2415-0174-4d12-8124-de03c6913f1a,false,undefined
283,Asma Faleh,mlnavigator.info@gmail.com,Enis,Both,,a8b19425-5fff-4197-b87a-422c0b781da2,false,undefined
285,Khouloud JLASSI,khouloudjlassi627@gmail.com,ISIMM,Both,,ba6e29a9-2270-49bb-9a21-8826e1773c30,false,undefined
289,Abderrahmen Jbeli,jbeli.abderrahmen72@gmail.com,ISET Beja,Both,,0ad06e4f-2a38-41c0-b54f-ac8d3db43226,false,undefined
290,Chaima Ben Arbia,chaima5473@gmail.com,Institut supérieur des langues appliquées et l'informatique de Béja,Ambassador | Both,,d2ffff93-4997-49ad-87e8-99c703eb82f0,false,undefined
291,Aya omezzine,aya.omezzine@esprit.tn,ESPRIT,Both,,cba650e3-e0bc-4453-8a8a-41f73ccb881a,false,undefined
294,Hamza Khil,haamzaakhil@gmail.com,Higher Institute of Applied Languages ??and Computer Science of Beja,Both,,aa7349e1-1920-4354-b498-8c50a260860a,false,undefined
301,Yassine missaoui,yassine.missaoui@supcom.tn,SUP’COM,Both,,544a8e93-2678-40cd-8d8b-368f57dbdf2f,false,undefined
304,Yahya Allaya,yahyaallaya@yahoo.com,Cognira,Both,,4ee5e74b-6a3f-4af8-9553-da01a00dc801,false,undefined
309,Mahdi Cherni,mahdi.cherni@supcom.tn,SUP'COM,Both,,790b299b-4de8-4d9f-aaa1-b2f79a87f6b9,false,undefined
314,Machraoui Eya,eyamachraoui300@gmail.com,Ecole polytechnique de Tunisie,Both,,84bf5eeb-88d7-4dea-bdce-025cf56997d9,false,undefined
319,Houda ELAMRI,houdaelamri555@gmail.com,National School of engineering of Sousse ENISo,The worshops and Keynotes,,62a2c2a1-9791-4968-bc3e-ef7eaa91b4c0,false,undefined
320,Ben abdennadher oumayma,oumaymaabdennadher72@gmail.com,Eniso,The worshops and Keynotes,,dbaeeaa7-536d-49fe-bd16-8962d105d4cb,false,undefined
322,Nejmeddine Etteyeb,n.etteyeb@instadeep.com,Instadeep,The worshops and Keynotes,,5f2f2a35-5691-4fc7-8c7f-115d206477e4,false,undefined
324,Jouhaina ben nejma,jouhainabennejma11@gmail.com,Institut supérieur des langues appliquées et d'informatique de Béja,The worshops and Keynotes,,49497d9a-8fc5-431d-9ac3-90450bf3ba88,false,undefined
326,Hajri rahma,hajrirahma864@gmail.com,ISLAIBEJA,The worshops and Keynotes,,3b4f5e56-03b9-4218-9e1f-09bb3027a3b9,false,undefined
337,Oumayma Fazzeni,oumaima0fazani@gmail.com,ISSAT Mateur,The worshops and Keynotes,,17f7b48d-9724-4c03-ad72-bb53c32d6ad4,false,undefined
342,Sahar Guebsi,sahar.guebsi@supcom.tn,SUP'COM,The worshops and Keynotes,,2453d521-9f29-460e-a835-f958358fc21e,false,undefined
343,Amira Balti,amira.balti@supcom.tn,Sup'com,The worshops and Keynotes,,a38ca4f5-c9cd-46d8-8365-3cb111fb80e2,false,undefined
345,Aziz Masmoudi,aziz.masmoudi@sesame.com.tn,Sesame,The worshops and Keynotes,,6ce6d8cb-8667-43c0-88c0-3e6167ee4fb8,false,undefined
346,yasmine ben hamada,yasmin.benhamada@gmail.com,sesame,Ambassador | The worshops and Keynotes,,d059fa21-3b6d-4853-b6df-ec51320a66c4,false,undefined
352,Jassem Sghaier,jassem5sghaier2003@gmail.com,ISSAT MATEUR,The worshops and Keynotes,,33d63eb4-511a-420a-bcaa-38e405c61f44,false,undefined
357,Ons Gargouri,gargouri.onss@gmail.com,Tunis Business School,The worshops and Keynotes,,9842a1e3-d83d-4e5e-9bc1-37ccfe027fa8,false,undefined
361,mariem ben ali,mariembenali091@gmail.com,ISSATM,The worshops and Keynotes,,a1fe47ab-6c57-4d82-b8a6-507394d9c35f,false,undefined
365,Siwar Haddad,siwar.haddad01@gmail.com,Higher Institute of Management,The worshops and Keynotes,,ccca18d0-773e-4a89-8867-444c0d13e3c2,false,undefined
367,wassim sghaier,wassimsghaierr@gmail.com,ISSATSO,The worshops and Keynotes,,61e9fc19-eb4c-47b0-903a-7c216b0e3fe9,false,undefined
368,oumaima Nasser,omaimanasser520@gmail.com,ESPRIT,Ambassador | The worshops and Keynotes,,a347c3ce-8ee2-4605-9cca-24e617dec8c2,false,undefined
374,Amir Ben Ameur,benameur.amir7@gmail.com,ISI Ariana,The worshops and Keynotes,,4bea350f-39b1-4202-8fc7-20545889aac9,false,undefined
377,Nadine snoussi,nadinesnoussi04@gmail.com,Sesame university,The worshops and Keynotes,,63280b3b-a2e7-49ba-a6ba-acaaf71cd636,false,undefined
382,Nour keskes,nour.keskes@sesame.com.tn,SESAME University,The worshops and Keynotes,,3c34b944-e126-409f-bd76-15b65f080201,false,undefined
387,Marouane Ben Haj Ayech,marouane.benhaj.ayech@gmail.com,Polytech INTL,The worshops and Keynotes,,f017e7fb-6e86-4645-b4fe-0a059ebb9f18,false,undefined
390,Aymen El Kadhi,a.elkadhi@pi.tn,Polytech intel,The worshops and Keynotes,,d7ade1c1-007f-4f2a-8a29-9534c73a685c,false,undefined
403,Aziz Khadhraoui,mohmaedaziz.khadhraoui@supcom.tn,Sup'Com,Both,,063266dd-01a1-4333-89e9-29ac7a496537,false,undefined
405,Malek Chayoukhi,chayoukhimalek@gmail.com,FSB,Both,,cf2c8d12-40f7-470f-945e-1d83eaab753c,false,undefined
406,Bacem Ben Ammar,bacem.benammar@fsb.ucar.tn,FSB,Both,,c5f46f76-d78b-4370-99fe-f301cb1715ba,false,undefined
407,Nour Souki,nour.souki@essai.ucar.tn,Essai,,,42716ac3-ea77-48f3-b55c-f2aa990a5b94,false,undefined
409,Habib Chelbi,habib.chelbi@supcom.tn,supcom,the workshops and keynotes,,e5064f9e-1954-42b6-be9b-736d25d5ebb9,false,undefined
410,Abderahmmen Ben Romdhane,abderrahmen.benromdhane@ept.ucar.tn,EPT,Both,,a4a02d71-f80d-465a-9974-f987307b097d,false,undefined
500,Wassim Derwich,wassimderwich0@gmail.com,supcom,,,d4a020b7-93e0-497d-949b-9b7d71d52a5f,false,undefined
